,Sequence,DeepT3-1,DeepT3-2,DeepT3
1,MDRLFNFDYKNYLEMTEAADDHRNSPPPEEHRENYSTGYNMHPLLESLPRRNPTQVPADSSVHQMRAAAPTSNRHRSYSRLLDLSGAYGDGKKMSELLRSFPTFDFYLKTDGLSHRAGMQMLRELSGDQCDHVIGQIIRRVENCLGPAKREIALSNLELDCSQNIVLSQLTLDRIAKAKAKVKGKAKAKAEAEAKAEVAVAVEVAAKFAAEDAATAAAAAAAQSVISKIIEHLPIYETLQKLPRHAEGVSGFQNYLCKNGSFGQALINILEYATPDQKERLKQAIQKRRQALAAHNAVAATKSNVPRTGVFRTLYKNPKLILGISGKLSKRTCSINDASSGYLSQADLEKIVDEKTGELTPLGEEVISGASESIQDAIRANFRMRYQQPELPPNSPPQAFYPQEENPPPSSFFQGVSSYWRHVGCEPEPDTPQYPPQSPASTFSGLSSMSHYGREFDLNTPQQIEQPGWQGATPAQSTDSTFGGLSSMSHYGREFDLNTPQQIEQPGWQGATPAQSTDSTFDCLSSMSHYGREFDLNTPREEQLWSTDGDYGTQAPVGRSATPAMSPERIDVDNLPSPQDVPDSELPPATATSWLLDGHLRAYTDDLARRLRGQPNAHLLHFADSQVVTMLSSTDPDQQARARRLLVGDDVPPIVFLPINQRDTHWSLLVVDRRNKDAVATYHYDSMAQMQQQQRYLGQMAVYHLDLDYQQIHEMPTAIQRDGYSCGDHVLTGIEMLAHRVIDGTFDDADGRDLRGITPDRGLIRGRLAQAEQAPAESSVRQAPELPIEQKKKKSKWWKFQ,0.998271704,0.672542989,T3SE
2,MRTNFLPRSYYRGAAEQASSAAADVPAATPESCSSHVLHQAPRTDAVNNTSRSPRAMLASARKSLASLRKRLPMMCLGSPTTEATQTPGKASTPHASVQSPPRPQMAQAGLDAPAPDAMGKPFYLNPLRPPPRHQAPVAPARTREPVQVRPSRNEDRWQQQQSPHRRNATTQAPRQMEPTRAAGRVPVREYEQNGSSHWRQQAPDRIVTDRVRQPRLPESPPLPASLSVSPTSSSPTQGKRQTLLGRLNAQLVPYNQRKYQIDTREDPTPTEEERELLRTRQVLIDQRNEIRDIQLDSMLTGLAPMENIHPPKTTTSRVSVVQHKVIETNRRAFLAVEGKELDMGLIGRDYARAQRRIEPLEASGADYRKIKRLKRMMEGYQNWLALRQMIDDINDQLALLGAPQLSDSDPSTPREREDAAQEQLDRHGDSMENGYR,0.901802361,0.998923242,T3SE
3,MKNLDALSQGGAGGAEGSGSVGGGSGGGASGAGNAGGADGAGGAGGTGGAEGAGGAGGADGAEGSDGSIGDLVKQLIERLLKGDSQGADNVSGKDGAGDKGGADGKGDASLDKLMEVLKQFIQLLEMALKGNNGSQGGGNGGGAGAPQGAGGAGGAQGGAGGAQGGAGGAQGAGGGAPAGGGSPEAGGAQGAGGSGGGAQGADGAGSPEDQIKQLLDDFAKGNTSGVDNMLKGEKGQEQLKQILEMLMKLIEALTGKKPGNDGADQAGGQGGGSGGGSPAAGGAQGGQAPQGGQAAPAPAAAPAPAPAPTPAPQPSGTAAPQPASTESDSRDGTQRDSDPAAKARPPVPEPVKVQQPEATQAPAPAPAPAPAPAPAPAAAPQEQHAASR,0.000368626,0.458210826,Non-T3SE
4,MSTDDLVKAPPEHRAKMAGVRLGIGSAGDRLNFLERNGVMPAEDKVLTAARYAHNVKIDHKNASNLEFQLNRMRIGEVSLPKQAKPDSMEIRNALDVIPLALPDRNEKHTIPTDKYLMNRLSSGAVEQARHHGCEFFCGSGRDEMLNHYAHRGFDRAISISSNTSTKFDLLSNSSNGKSLLVLSGMSSTTRIKHQLLQLHFADVDLNRVKLVGDINLLKAKSGDDLRKELSQLPPIPSKTLFIGARWQIMESLGKQLFHVGDSAKEGTGYGKLGVKEHKVADFVFDTATLNLDGRQHLVAALRMPNGDLAYDAMKGFLDHGFNQVIMCGAGGRLAGDAQVGDYMLLERSQYGDQSISLARECIHVPGAKLFENAKPTSNVTVDSPLQETQRWLDENQETGNVDVETAHILRALTEAGPDVKVLPGLFVSDVVGEHPLEGKISSDDAYRRLPEFVTASLGMIREQDTPLA,0.907223642,0.005542169,Non-T3SE
5,MGASLKDRGASTWRSVGRGLLVLMAGLAVLAAGLAFNTWRQGSRQLDVPPVAPLAVDGAGAAARLGEAIRTRTIASPTDAQQNADQFRQLHALLAERYPKAHAAMQREQVGDFSLLYTWKGSDPSLKPILLMAHQDVVPVAPGTEGDWTEPPFAGVVKDGMVWGRGAWDDKGNLIAQMEAAELLAASGFRPRRTIHFAFGADEEIGGERGAAQIAALLKSRGEQLAFVIDEGLLITEGVVPGLAKPAALIGVTEKGYLSVALKLSATPGHSSMPPAPGESAIAMMSAALKHLDDQQLPVGIRGVTREMFETLAPEMHGFNRVALSNLWLLEPLVRKQLQASPSSNAMLQTTTALTIAQAGNKDNVLPGRAEATVNFRLLPGDSVSSVIAHVDHAVRSVVPEGHAELVVLPGMSEAAPVSPTQSASYQLINRTVREVFPGTVVAPGLMVGATDSRHMTGISDQVFRFSPVRAGPEDLARFHGTNERISQANLVELIRFYHRLIHQAAGTEA,0.006775509,7.79E-07,Non-T3SE
6,MMSLIRRRHAHPTAPAGESSPSPTANPPAPEVAPRLQRRAGGSLQRLSEIQSAPLSSRPTVTAPTSGTNNITSVRRSLRDYLAEDQESHRGRDSSGPTDGTPQASGKSGLAKLTGKVKKLVGKAKNAAERNFVSSQTSVLGMHTETTVGKPVKMSATKPRPEVLQSRPVPAGTRPEDLPGVPDLKAPQTAARQRKIDATAKAAFNPPTSIAESMRGHLGLGRTKVAPQSVSIAEAMSSEAGLQVHLARLIGQLVHAPAVHTLHQALLGGLPQGAESASTHPLAQHVLVAEALANACGGDAVRATAALEALKAGTFLPTSHAEGETASPRPGNGGANGSRIGRMAPDGPGVRRPGNVGANTLHSAPQPAAEDAMLDAMHAAQELAGIGDVGMQALLALMPRLKPAKHEPLECVLQAAEQVTTETKGAQVRLPDIIGHAEKVADTRNDTLACKVLRAQVKALRAPDTYDALSRADKSAVFAWRQGFRTDDRHSLLSQTQQRLAKFRKYVSRAETRDKLDRMRHDPSQSTAATVRLVANNVQRAFSHKKSPLLGMGRYGALGTGTRHVPTDLLELDKHLRTAIDELKGHVAARSGKAQFSIGRHGEVPIVPLRAAILEHWSAASADQRPQGYTLDGNAVVDIAEGIRRATGKSVVGADGRLPAQLEQLIGTRLNHATLKEWARDAAMPQRTETGEETAFSSAMRRARNILRPDKDKPADMSADSMRDYLKNFMADHNIGNSMTFADGGALGVNTSALTLNLARIVKRFKGGFALTPVFDAQASVTRSAAFSIGTTAHGGDIFIGRQRQIGGQLGGGLTAGYTTPTVANEDNFSASVGVSANVTLFGLEHTNPVGVRLRFSTQRKEDGSSMNSDAMRKQMSDMIDYMFDACGPAKRHLSPAQLWEDFAVHHFDQKNLSVGWADYSSLNSKMGGSVTLTARAGVTTEDGQAIRAGGSIGYGVTWNPFTMGSRKEKSGTAPILREDRGSAHIQTLTATASGQLPAVPLPVEPDGAANGLGVPGVPVASATYMLGNGGFNANIRTLVERGRLSEAFTYRDLSERNIDDFLKFANDPARRKEWEAMCGAEQGAYAEHGAGGPDLGKKRLDDFLGKIQEMARPNQAHYMRWRLGEQERLAMDDYMAAARMAERGGRGKDAKACQQAAEQIAAKEESWRPAALFTMHGTSKQTDTGLNFGLQATARTTATGDRELMFIGLPLPISDAWTKAARSGPADDGS,0.998154938,0.999981046,T3SE
7,MGRISHALRGLKRCLRPAAINVTSVPGFTKTTIDPLPIPKRPPPPSLGKTPRPAGQHKLDAIDRQVDNLTAKLYPPLPTGTRADPEAKRAIGSERAFASAVEALFVPSGASVEAKAETAPHLHNLLRDLTRIAEAQPDAVDSTRYAGMLQCARALAAATGGNAADACAALAHLRTHFSLTDGSDNAPPSPEQKQAWSAAKLLAHTASGFDALLALRPALAEVDAARPDDGMNHRMKREGLRTFLQAADHLAARMPADTPGALLQRARSHLASASDRHSLAGDGLAVHALLCAADLHADPGKAAHAIGDRTQVAAYVAWRSGYREGGKGSALERSLGRMNKFTAWARRAEHRANHRLAAFDPRRLLGMRKTPVIAAAYGTGGANLGLLNGESKALYDTVQEGIEAMLAHSVVLRRLDGGHALPTERRGLLLLREAVLEHWRAQIGTTWRSSKLKLTDADKQGIARAVRSAAHGTDIDAEAVLGYREFRKLDKLDLKTLAKWIDEAASADSNPAASPMLRRAKAKIVEAGDIARGRPIKLKGTTLADFRDAMTDAIGTMPLGNYVRYFDGGTYGLNANMTVNQHEFTHNSPVPAMGLGPGAKALHGRHAFVEIGSSSYGGEVFIGTDKRSSTGAGLGAYAGLKFGTEDWHLSAGFSAGVAHSQDRSAPAGVIIRTGLSYGADGKATSAWRDNVAEVTRFLFQTAALGQSTRPVPPERMWEQFAERFFRTPDISVNWRDQRRSSETVTKHGSAAMRVAAGPVRLGPAFSVGHDHVLASKNDRVDTNGWLRGVERARARASNVHVGASLAALAPAVGHFSNRSGFPDTITLPSTPIVGLSANILPSGTSVTLRRVDEHGRLNPRFIRRLVEFIDPSAFLSHMQARMPRIARTDASREKVGAFMSAMKDMGTQGNLAYGESWKIRPEVTEVLNAYTDEIQLILKCAREATPRDAGTQAARTEQVYQGVIERIFEIVEGEAAVSRQAQTQAIRQVLSGLGDQDVDQVLRLANETIRVLKDEQSWKLSGYYAYDITTHGYTAGPAMLLQATASTSVAGERVLAELAVRDLELLDDPVVAEQDKDPAAGEVL,0.349948227,0.514618874,Non-T3SE
8,MKFFSFRSSVHTASTAAPAARDAASSASAAPQQPASASAGSGRISHALHGLKRCLRPSAINVTAVPGFTKTTIDPLPIPKRPPPPNLPKAPKPAGQHKLDRIDRQVHNLTQKLYPPLPSGLHADPEAKRAIASSRAFVSAVEALFVPSGAGVYAVPGLQTLIDGLAGMAEAQPDAVDTTRYAGMLQCARALATATGGRADEACRALEHLRDRFSLTDGSNGAPPTPAQMHAWSTAKLLAHTASGFDALLALRPTLAEVDATLPDDDNMNGRMKREGLRTFLQAADLMAARLPAGVVPPQTPHAQLQDARARLDAAADRASLAGDGLALNALVCAAQVHAEPHEAAHAVDDRAQVAAYVAWRSGYREGGKGSALERSLGRMHKFTTWARRAEHRATHPLAAFDPRRLLGMRKSPLTAAAYGTGGANLGLLNQEAQALHDTVKHGIEAMQAHSTALRALNGRHALSTEQRGLLVLREAVLQHWAQSIGTTWRSSKLKLSDHDKRAIADRVRKAAPGARVDAEAVLAYREFRKLDKLDLKTLVRWLDEARAFDPRASESPTLRAAADNIVKAGDIERGRPIKPRGTTLADFREALTGAIGQMPLGNYVRYFDGATYGVNTNMTVNQHEFSHNSLVPSMGLGPGARELTGRHAFVEIGSSSYGGEVFIGTDKRSSTGVGAGLYAGFKVGIKNWHLSAGFSAGVAHAHDRSAPVGVIVRTGLTYGADGKATSAWRDNVADVTRFLFQTAAEGQAARPVPPDRMWEQFSARFFRTPDISVNWRDQRRSSHTVTKHGSGAVRVAAGAVRVGPAFSVGHDQVLASKNDRVDTNGWLRGVERARARASNVHVSGSLAAVAQGVGHFSNRSGFPESVTLPSVPIVGASANILPSGTSVTLRRVDEHGRLNPRFIRRLVEFIDPSAFLSHMQARLPQIAHSDASRAKVGAFMSAMRDMGTQGNLAYGESWKIRPEVTEVLNAYTDEIQLMLKCAKAAPGAGGQAIQPAQAAQTYHDLIERIFETVERETAMPPDEQAQAFRQALAGLRDQEVDQILRLANETIRVLKDVQSWKLSGYYAYDITTHGYTAGPAMLLQATASTSVAGERVLAELAVRDLELMDDPAHAAQDKDPAAGEVL,0.437121361,0.999931574,Non-T3SE
9,MPGSSETEFSTPLGARKHAGKPVSAAAAYAPPAPSTESTLRPATAGEQARAARSQAATAALVQRTQHGLQQLRGTAPAHATPPAAPDTRQPMTVPTSTQQYRRLLAQRFAASPDTGAVDHLSTRLAALAPAAAQAAGAPHRYARPILVAEALARTCGHDASAALRVLASLASETRLDAAAFAPSKPTVQAPAPAARSSASSAAPDTGVDTVTMPEDSDAPDGPPPSPSAHASAEAEVFFDALDTLSEPEDAGAAWRTAQLLARSHGGLEALCDLMRLPQTPAHRHAAHAFLQATDILQRGASGPADSPRALLQRHPPGSGRPEDSLAIKTLHAAAAQLRGDALEPGQVGALFAWRQGFREEGPGSDLAKVKARTAKFVNRTIRRVEHHGWRATLWQTIGKKKSPLSAARLGMQAAHREGLAKEYTAYGKSLRTAIEALKEHYRHALAAPPAALRVPLPWHSADAMWQSAILLHWASLPAGAPLSAYALTHDTLQSIGNTLRATVTRVREELTLGFAQVGHEIANAQKEIDRTANAGGTAGARRQARLTALQVHQKHLVERLQQLVECGGQAGLHLGAHDQPTVPPPHFIGVYPDGAMLRAWSEPVTVETASGALGKALDTAERIERQDDLKLREASIDAARTVIGSLMTTIESSSKLRLASGATLGVNTGAISTGVQKAGQTLAVPVAVQVDAHASRKRQAVVEIARGSHGRDLFIGTDKTVHAAAGFGASVGYDFKVLKNRIRALVGASVVPIDVEKGERVGVMYRAVRQVTQAPAPYADWDAVKYDDATTREAMIALSNWLFRQATEHREKPAGADDAWNALARHCGDSAGGDLISVGWVDQRKHRLRHKARLGAGVNARVTAPATPVRVGVGVRLTGEITSRDTTAMRETTGIMRSEQYSQGYGGHMTFRAGLNYSVGKQFYTAPAQDPAAAPAGERRSITQGFNGGTPLAYSKQFAERSHTAKLKTVHLDGQLADRVCYFDKEYKSAKEYLALIRSTQDTWVDMLSRKPGVTVDKARKEFEDYCAMVERHTGPHIVYVVRQRLRPAAAREIEGHLDLANLHRAAGAEAAPAASDQPKTPRASERPGPAPQTDTAWPEAPPRKTSRLPTLLRNQVDKVTARSEKAAVKTLSDTQLGMLTGNPDLSGRMTRAVQREAATRLNAPPAQARAMADAAADAQACEARADAALFAETSWLPDKLAIMETVSKRESRGLSLTVQMQSTSEASGQRELHHLKFS,0.880111754,0.998071015,T3SE
10,MAYNISLNNITTTTAPVQQELSGISLQTSASALPRVDIQPNVNEHQLPQALSPSDSCLENEESSSQQPEVKKEQAEKKKKVHKKSNKYSNHTKAKGHLAAIAGATTLGAVLAPFTGGLSLLPTAFVVLFGNASALAMYGGSEFVLGQKGPNNQIDDKKDPEANKQPEENKQPEISVPVSPRPIRAQEFRGLDEVNGRREPEPEEKGSRGKGDTFNYSPVFNFNFGDLNFNQFNTQNNTQFNTQNNTDKTNQADTDSSPTLIEQTIEKFGGNPVINVEEITKDVLIRELREQEPLIGPESKVDEMIDALVSFHEQTNEAKLIQVSFESGHKAYIGGIPDTDEQKQTDPIKAEVCVEKAKKQWPEVKPAHRLITTSGNAKIDGNPGYRNARVDVDGQTVGYTRNERGGSQPQSSGVHTLQGSQQPSVEPSPVDPGHGASGAASAQPGGEAKGAQTPSLHTQGEPISTATQTGGAQGTQGGEDDGRPQVAQGHNPQGEPASLAKAGTPVDPGHGASDVASAQPGGEAKGTETPSLQTEGESISTSMPTGEEQGVQTGGVKKWPEVAAPQRVITSAGNAKIDGNPGYRNARVDVDGQTVGYTRNERGGSQPQSSGVHTLQGSQQPSVEPSPVDPGHGASGAASAQPGGEAKGAQTPSLHTQGEPISTSMPTGEEQGVQTGGVKKWPEVAAPQRVITSAGNAKIDGNPGYRNARVDVDGQTVGYTRNERSGSQPQSSGVHTLQGSQQPSVEPSPVDPGHGASGAASAQPGGEAKGAQTPGLHTQGEPISTATQTGGAQGTQGGEDDGRPQVAQGHNPQGEPASLAKAGTPVDPGHGASDVASAQPGGEAKGTQTPSLQTEGESISTSMPTGEEQGVQTGGVKKWPEVAAPQRVITSAGNAKIDGNPGYRNARVDVDGQTVGYTRNERGGSQPQSSGVHTSQGSQQPGVEPSPVDPGHGASGAASVQPGGEAKGAQTPSLHTQGEPISTATQTGEAQGTQGGEDDGRPQVAQGHNPQGEPASLAKAGTPVDPGHGASGAASAQPGGEAKGAQTPSLHTQGEPISTATQTGGAQGTQGGEDDGRPQVAQGHNPQGEPASLAKAGTPVDPGHGASDVASAQPGGEAKGAQTPSLHTQGEPISTATQTGGAQGTQGGEDDGRPQVAQGHNPQGEPASLAKAGTPVDPGHGASGAASAQPGGEAKGAQTPGLHTQGEPISTATQTGGAQGTQGGEDDGRPQVAQGHNPQGEPASLAKAGTPVDPGHGASDVASAQPGGEAKGTQTPSLQTEGESISTSMPTGEEQGVQTGGVKKWPEVAAPQRVITSAGNAKIDGNPGYRNARVDVDGQTVGYTRNERGGSQPQSSGVHTSQGSQQPGVEPSPVDPGHGASGAASVQPGGEAKGAQTPSLHTQGEPISTATQTGGAQNIQSVTLARADLQQTNVERGRITDVTKLVDVQALASTVAANKSEPERFVSKLHITLKGNSSADSKVGTNQPESLQAWSSNMLSHGPGVKLAQKSLVQNEIELMPQANNGETVKKIEVVSNISGKKWTVSMPAPVLTTQGMASGRGKNYTQGLFHNIRDINQTKRNIELNSTLMESTPKSDVSFVNMGDKVIPIKPAIISNLKLVS,0.991909683,0.99998045,T3SE
11,MPSVNLIPSRKICLQNMINKDNVSVETIQSLLHSKQLPYFSDKRSFLLNLNCQVTDHSGRLIVCRHLASYWIAQFNKSSGHVDYHHFAFPDEIKNYVSVSEEEKAINVPAIIYFVENGSWGDIIFYIFNEMIFHSEKSRALEISTSNHNMALGLKIKETKNGGDFVIQLYDPNHTATHLRAEFNKFNLAKIKKLTVDNFLDEKHQKCYGLISDGMSIFVDRHTPTSMSSIIRWPDNLLHPKVIYHAMRMGLTELIQKVTRVVQLSDLSDNTLELLLAAKNDDGLSGLLLALQNGHSDTILAYGELLETSGLNLDKTVELLTAEGMGGRISGLSQALQNGHAETIKTYGRLLKKRAINIEYNKLKNLLTAYYYDEVHRQIPGLMFALQNGHADAIRAYGELILSPPLLNSEDIVNLLASRRYDNVPGLLLALNNGQADAILAYGDILNEAKLNLDKKAELLEAKDSNGLSGLFVALHNGCVETIIAYGKILHTADLTPHQASKLLAAEGPNGVSGLIIAFQNRNFEAIKTYMGIIKNENITPEEIAEHLDKKNGSDFLEIMKNIKS,0.998002112,0.983864546,T3SE
12,MCSMNIFNKINSVSKDYTKIEELFLPTHKNKTFCMNQVMQFQKTEIERSAIQNVLSLLDLDNDVKGKYEQLVASLSSSAPTTTSQPSDESAVITYDPPSSNPLYNASKQAWVHNVLVGFLSVVNEAKTKATEIAGQQNPPQTDLKPLTDLFDSLTTLVDKANHRELSNEDLETFYLLPDQIFSAIQTFPFEGNQKVLFSNQLLDSFGEDSSVEQIFADIRIEGLQDTLNMVQSKLSATEFESFKELQMIIDTLREYVEPFNDEGFDTILQTSKDLSSAIINSSLSSNDKIELCRNIADLYRDQVLSIKNLDNVLNETIYINARNSSLFSNICSLVEFIMGSFAPIGLNETTIEVTNASIAGALQAVRAIDTRFHELTPEQKNLVNETVKKLDDFSGGNYIGAVWAYFTSATVISSKDSVTTDEVKQALTSQANTIVSDFSLAQTLKSTINKIVQENGKFKATVDGIERQYTIFGPPENDTSSNKATLNLILLNFGSIGFLPNITLAANNHAETSARAFFKFRALAQVESTKLDGTLQGSENFLQKINQLRTDLFSYQLLAQSYEIRSLPLPSAVASVLIDRYMPQEIDYLTQMKSDLYYSNFGSSVGNAMIEAIAQFVNGATYFNFASFAGQQPMTAMAQDTFPGSKETAETKLALEKQQAKLYLQYATQALKVVQEQMERVQNDKVITNEQRLRITDALKGYADNLNAISGSLVLLQVYLNPLSVGVRDGNQGGNDTGTDPKGTFHVFGGQDQWQARLEILEDALVSGLPSNIISGGLFPVQASVQSDQQAYADMGQNYQLEMQMHMTAMQQEWTVVATSLQILNQIYLGLTRKLAG,0.583548129,0.999949932,T3SE
13,MNRIHRTQGSLTDYNSTLEAIAKKIAKPDSATIVSQVAQYEQFKMEQEALKALLVSFDQKADQRYRNLIQRLEQLDVDRQTGRSTESQHIQEKPMASLQSENQVVAQAVVQSDSSMPIFTGIKQSWAVRLVQGIREILDQVLVDTSLFTEEERGDLLAIRMDAASLQDKQERLSTEDIRSLLSLSNDVMRVLQKASVSSTRQLELIQSLIDIFGTEENLEQSFAQVRLENFQAILSVIKERLTEEEFRVFQEVSEEISSIQRTSESHLSPEHIEAIARVGGHLSAKIVESELKASQKVDLCQRIAAMYQEQVDAVQAYHSLEQDALFVNSRQHSHFVQVISLVSSLMHSLSPTSEEERILLNPAMMVSVLPTVRAIGLRFDFLTAEQQQMVNAAVSSLQQQQLDEFLGVLCAHLVVVNCQNKETGLLEGLEESFSETLSGLSNNFVLTAKMQDILQVCSLQGFVTLANGDRYELFSYNDSGEAVCDEIALGDGFHKVLGTMLAVALSQAEVFKQECDRFILQADSEKNMIHKRMVQGEQKSLFLTKMQTELNAGKTIAQTKEVEASPLPSAVASVLIDHYMPKEVEFLEKISSRLYYGNKGSDIGNTILDAISLYVNSATYFGFANYIGQPPVVGKTRENIFAGSADNAKAKLDEEKKQVDVFLEITEAAKTTVTNQQSAVTNDDKLSTEQKAKIKAELTQYTDMLNAISNSLTSLKTQLAPLSVSTVEGVDGVFEVKNGIPGENGKNWRLVLQTLEDTVVSGEVGSPTNIGMFQMQALVHLNQQAYADMGQNFQLELQMHLTSMQQEWMVVATSLQLLNQIYLGLARNLLR,0.997874737,0.99984026,T3SE
14,MKVLQRTCNYIRSNLNQSISRLNVAHIRNVKNERPISISVNAEANFFEGVSILNKPRTRVSNMRQLLPLESFERISKAYESKDVRLVARDSAFLGLQRAIRSERFELDNFKSNFPYLTVANGSLRTIVTGLKGIVEFDDGQMKDIAKEILDTQICGVPFSQFGTCSGSARDLVDNASYQQEKIIIKHLNELFEKVALHLVGAEV,0.93699187,0.77579242,T3SE
15,MNINNISSISTTYTVGEAQTDPNHGKLDVKSVKQGADVLPTVSRKTSFLSKIKSSPNGYKEKSPELVKEKASQERQQRSRLSSIESACAKSFDDLPDDIKVSGMKQHFLSYAASIMDREFSLICSQSENGKQSVEEHKSAIRIDLIKWLSFDLSNKDPKEIWASSANKSHIENGLRNTVDSLKSPGLERATKEERRKAQQFDYQALTDVSNKLLDKFNQLSDTPLRSSDNQVISSRSVERQVYKLLDKYIGN,0.999904037,0.999989986,T3SE
16,MWLLEFFSGCVKGVTLPIENKLVLVGSSEIKEDNVVPLAEFLTPEERIELEEQGSTIQAIGLAKKKLTLVENKIYRYRGLTFCVYRQGKRNPALKRFRLRQFQPLLLVTVAVHLLLAIGGYTFNAARRNQQFGDYLQAIGSGYIKDGQLYTSKLSEVSQLPKYWGNFIHTMSGENYLRASQFNLELVSDYSGKPLKGEITSLADRDQIRVETFELDNQVMAVLGKHAISFYKQGEHWFVSDPARAKQVLTDAGLSQTVGTLKSRADGADLITDAEFPYSIFYTSHSGRYLYDELGRYWEGSEVPKLGVIQEISEDRVVFFDGKQTRVYLIQVKK,0.829118252,0.000131381,Non-T3SE
17,MLRKTLLASACGMMLLSGCSSQIKDDNIVLDQDWKPDIYNLIISHVSDVDNLRFWVRRTPSYEDGYPHQLACVEVAQPLEPNRFYIANLNTYGLNQVYNCENDYWRYDNLVDPYASRAVDLSAWDPNLSKRRYTNYPVNMNTHIDGVDAYLWGEGQLRLVFSDLFPVNQYQLTNKGVNTLFEVIDKLKYLPVEELTIYGIADSSGTYQKNRVLADRRAQSVKTFLVEEGLSYLPMKLRGTVENGLSTAQQRVLQRRFMIEVRFKTDEK,0.0015563,2.47E-05,Non-T3SE
18,MPHNISLNNITPMTAPAQQELSDISLQTTASVLPRVETQPNMSEPALPQTLSLTDSCLENEETSSNQQSEVKKEQAEKKKKVHKKSNKYSNHTKAKGHLAAIAGATTLGAVLAPFTGGLSLLPTAFVVLFGNATALAMYGGSEFVLGQQGANNQLEDKKEPEENKQPEDLVPLPPRPMPTYEFHGFDEIDGRRIPDDNEPGEKGADGKGNTFNYSPVFNFNLNFGDLNINQFNTQNNTQSNTQFNTQNNTYNVNQGGTNPQPTLIEQAIERFGEHPVISVVEITKETLIRELRGQEPIIGSEPEIDEMVDALVSFHEQTNEAKLIQVNFEGGHKAYIGGIPETEELPDVQPVKAEVVVEKEKKQWPEVKPAHRLITTSGNATVASYSGYQNAKVVQQGHTIGYANVENIAKNPQVASTLEFQKVNENQDRKQLVEHSSEQNHVQQGVDGQVIIDSANMQKVTGQQVKKWPEVAPAQRVITSAGNAKVDGNPGYANSRIEVNGQTVGYARSERVGSQSQLAGDARSIATDSHDVEQGQVTTENRSTQSSVESSSTQTSVEQNSVTTQTFVENGTQTEAETSPVKGHHTLQGVAAERVTEGAQVEHAQTNGVKKWPEVAAPQRVITSAGNAKVDGNPGYANSRIEVNGQTVGYARSERVGGQSQLAGDARSIATDSHXVEQGQVTTENRSTQSSVESSSTQTSXEQNSVTTQTFAENGTQTEAETSXVXGHHTLQGVAAERVTEGAQVEHAQTNGVKKWPEVAAPQRVITSAGNAKVDGNPGYANSRIEVDGQTVGYARSERVGSQSQLAGDARSIATDSHDVEQGQVTTENRSTQSSVESSSTQTSVEQNSVTTQTFVENGTQTEAETSPVKGHHTLQGVAAERVTEGAQVEHAQTNGVKKWPEVAAPQRVITSAGNAKVDGNPGYANSRIEVNGQTVGYARSERVGGQSQLAGDARSIATDSHGVEQGQVTTENRSTQSSVESSSTQTSVEQNSVTTQTFAENGTQTEAETSPVNGHHTLQGVAAERVTERSQVEHAQVSVTNIQPEISSQFEVGKNDSQQIQGNAAKVWPEVVPSQRVITSAGNAKVDGNPGYQNSKVDIAGSTYGYQRAERLSSQNSLFEGVNLPQTHQEAEGIKSGSMDVTKLVDVTALPSASETNQSEPRRFVSKLHITLKGKSSADNNPMNTQAQHETLQSWSSNLVSHAPNMKQAQKIVVQQAQNDTELQPKVANLEAMKAPTIVSNITGKKWTVTMPTPVLTTQGMASGRGKNYTQGLFHNIRDINLTKKQLESSLPLMEIAQKRDVSVVTMGERVLPVKPAEISNLKLAS,0.990111887,0.999901175,T3SE
19,MRNVSFVMPLRAERVSDVSSPKNIREEEQTKRVRDVKESEKQEKKRHRIFRIRKTPMTPQQQRQFAKLLNSYQLRAMRDWYSFASQVDAESLNDAQLWILQAANQSQHLYPKSVRKQIKEFLNTVNIDTGQTENQPDSEAVQQLVAYEHYLEGLISMLVLCRRFDKREKKNRDKLGYGSYDDEAFQSETDDAGSLSDPEE,0.999073267,0.063226148,Non-T3SE
20,MLISNSIYSSQTISNSNRNEVSEDYRNNDNEINQLLESQPSLENNVKLREAAAKAATTNKEQEIANSLLEQIDSSSKELEIISLWSEGGESGFRAALELIGENLLNNQKPTGVQAEDILQLAMLDVLVNAEQYGVANNDLFLQNLSTALEYTGTGQHNTWVEDLDDPTTPTTETNGGIASNRYSNIVGYVWKEMKKIIDSGKASQSSMLYRVMNKLSGGNGSISPELPAILKSSLSTSGSTNSSLGTSGYFDTTQGGWITDANQDLSPLMRLVFLSNLLHENPEMSQSTLKVILSGTYDEVNAIVPSNGNYSNIYDYIFKFDKDGGWQDSAYKPSDNASSVKPSGVNQTVDFNGRLDSTWLSGLYVNFPSRVLGDEDIKNINRIGDNVKMIMQTLKYWFQIMRDERVAIARNI,0.999994159,0.999969959,T3SE
21,MPIISSIPLRYTLGMSVTTSTIDSFAKDIKSITQQLDEDKNKKLISMMERYLCRGRNGIKKEKINNILSNINNGKPPKNVLDSIISEHAIPCCLSLLEEGVSSGRISKFEGTHRIVYIDDDTGFGLKILKNDSSWSKCFAADLRLNELYQDKRFYSGRYAAFSNYKIVHIEDDVFDGKFIKAIFFRKIPGCEPLSRWDQIPLSILLKLESMGFMPFDIKPDNFVKVKNDNDQYEYVPIDAKLIGKINTGSFRTVRVLELREQQGPYCYSGKYVDVAQ,0.999974251,0.971921206,T3SE
22,MLKSVHSHHNRIDNSQSQNENPQSGLMIKNIENPKGPFLLLSFENHSRVLKNINRICTDGRCFVPYAITDERKVIYSNYGEHLGFNHNVDGVRLKPYDCQTSLSRQKEYQSLLTSLILKEPSITKDAVDNVSAGIINFIQLKHIENGRVFSDFIKKTIGHYFWTNGRSSFGRISLDNVESIDSEDVLKTILQTLKTGTIEQKLAIHDAIGRKVLLSYECEQREKYLSLAETVRQDWFDDPQTRGRIRKKSPVLPCETIGLLPSDSHLNQPEKVQSRQRAIDMFIRDEKRLSHPQANDYYDDLDTRNLLFGAGISGTTGTLFQAAEAFGQLQTTELKKQYCAAILGYLVGGGMHSYHEVMAVAEKVGIPYKPGSFMESLPESIFNNDEFKNLSTEYYDVAVLGATHWRFNESCLPSHLNRSLTKS,0.999877095,0.999873996,T3SE
23,MIDFLYVSTLKGCLDELQYGCSDLNKMDIKKITNVSKSIDTKELKFLLNRKKKAFDDSPGIVTNKLFPQLPLPKDVIGTLVKIQNDGYLIYPMDGSTPKIPEGQVDFIISADEPLRVLCFEKNTVYERKELRDRAIGAINYGHSSLAFKEDGVSIATNPKLSMERRKSLSTEPVLLAGTIFFPDHDNPVVGGGEMLYWTNDSGHFKPTLKEVFNNRIGFIKDILPMEKFIPFDSSEKENSRIVKKRLFTI,0.521793246,0.315767258,Non-T3SE
24,MPPLIIIEVTLMNYEFKFMLGISKVQSAFYIQHNSEVTQKPTIKLDIRRIFNLRGESSKKAPNFLTKLFNNNHRYTSFIDNIKIAFGQKNSLFSGNLEKDVLRADYSISLKDRTLINAQIKKSLNEYGMERQKEKIIRDLRSCLSKEQFNVLSSIACQNLITFILNYNSFIQHNKNIFISDSNIPDLSSAELAGKFISESQKFIINIDKKNNIRYECSFNTNNVDIDYIKELSSQLGLKNVIGINCKIVIIIDNDCNININDFILKKYKII,0.95523268,0.133459777,Non-T3SE
